Car Name,Car Details,Car Price,Car Detail Link
Škoda Fabia 3,Fabia 1.0TSI70kW Ambition,3743,https://www.arvalauto.cz/cz/skoda/fabia-1-0tsi70kw-ambition/61397/
Škoda Fabia 3,Fabia 1.0TSI 70 Ambition,3966,https://www.arvalauto.cz/cz/skoda/fabia-1-0tsi-70-ambition/60970/
Škoda Fabia Combi,Fabia Com.1.0TSI 70 Ambition,4032,https://www.arvalauto.cz/cz/skoda/fabia-com-1-0tsi-70-ambition/60922/
Škoda Fabia Combi,Fabia Com 1.0TSI 81 Ambition,4032,https://www.arvalauto.cz/cz/skoda/fabia-com-1-0tsi-81-ambition/60965/
Škoda Fabia Combi,Fabia Com.1.0TSI 70 Ambition,4049,https://www.arvalauto.cz/cz/skoda/fabia-com-1-0tsi-70-ambition/60921/
Škoda Fabia Combi,Fabia Com 1.0TSI 81 Ambition,4239,https://www.arvalauto.cz/cz/skoda/fabia-com-1-0tsi-81-ambition/61401/
Škoda Fabia Combi,Fabia Combi 1.4TDI 77 Ambition,4255,https://www.arvalauto.cz/cz/skoda/fabia-combi-1-4tdi-77-ambition/61364/
Škoda Fabia 3,Fabia 1.0TSI 70 Ambition,4321,https://www.arvalauto.cz/cz/skoda/fabia-1-0tsi-70-ambition/61375/
Škoda Fabia Combi,Fabia Com.1.0TSI 70 Style,4445,https://www.arvalauto.cz/cz/skoda/fabia-com-1-0tsi-70-style/61036/
Škoda Fabia Combi,Fabia Combi 1.4TDI 77 Style,4503,https://www.arvalauto.cz/cz/skoda/fabia-combi-1-4tdi-77-style/61380/
Peugeot Partner Tepee,Partn.Vti 98k Tepee Active,5065,https://www.arvalauto.cz/cz/peugeot/partn-vti-98k-tepee-active/61429/
Nissan X-Trail 3,X-Trail 1.6dCi Acenta All M.4x,5402,https://www.arvalauto.cz/cz/nissan/x-trail-1-6dci-acenta-all-m-4x/61011/
Toyota Auris Touring Sports,Auris TS 1.6Valv.97 Classic,5768,https://www.arvalauto.cz/cz/toyota/auris-ts-1-6valv-97-classic/61035/
Škoda Octavia Lim.,Octavia 1.5TSI 110 L&K,5912,https://www.arvalauto.cz/cz/skoda/octavia-1-5tsi-110-l-amp-amp-k/60848/
Škoda Octavia Combi,OctaviaCo1.5TSI 110 Ambition,5974,https://www.arvalauto.cz/cz/skoda/octaviaco1-5tsi-110-ambition/61372/
Škoda Octavia Lim.,Octavia 1.6TDI85 Style,6305,https://www.arvalauto.cz/cz/skoda/octavia-1-6tdi85-style/61361/
Škoda Karoq,Karoq 2.0TDI 110 Active 4x4,6344,https://www.arvalauto.cz/cz/skoda/karoq-2-0tdi-110-active-4x4/61024/
Toyota Auris Touring Sports,Auris TS 1.6Valv.97 Classic,6363,https://www.arvalauto.cz/cz/toyota/auris-ts-1-6valv-97-classic/61007/
Škoda Scala,Scala 1.0TSI 85 Style,6363,https://www.arvalauto.cz/cz/skoda/scala-1-0tsi-85-style/61041/
Škoda Octavia Lim.,Octavia 1.5TSI 110 Style,6506,https://www.arvalauto.cz/cz/skoda/octavia-1-5tsi-110-style/61399/
Škoda Octavia Combi,Octavia Com TDI 110 Style,6588,https://www.arvalauto.cz/cz/skoda/octavia-com-tdi-110-style/61389/
Toyota Corolla,Coroll TS 1.8Hyb.122 Comfor AT,6754,https://www.arvalauto.cz/cz/toyota/coroll-ts-1-8hyb-122-comfor-at/61411/
Ford Transit Custom,Tr.Cu.2.0TDCi 96 300 Tr L1 4d,7103,https://www.arvalauto.cz/cz/ford/tr-cu-2-0tdci-96-300-tr-l1-4d/61422/
Toyota Corolla,Corolla TS 2.0Hyb.Comfor AT,7231,https://www.arvalauto.cz/cz/toyota/corolla-ts-2-0hyb-comfor-at/61414/
Volkswagen Passat 8 SW,Pas.Var.2.0TDI 110 HL AT,7462,https://www.arvalauto.cz/cz/volkswagen/pas-var-2-0tdi-110-hl-at/60907/
Peugeot Boxer,Boxer Fur.2.2HDI 4350 L4H2 Acc,8197,https://www.arvalauto.cz/cz/peugeot/boxer-fur-2-2hdi-4350-l4h2-acc/61425/
BMW Serie 3 Touring,320d Touring ED Ed. Sp. L. AT,8257,https://www.arvalauto.cz/cz/bmw/320d-touring-ed-ed-sp-l-at/61043/
Škoda Superb Combi,Superb Com. TDI140 Style 4x AP,8445,https://www.arvalauto.cz/cz/skoda/superb-com-tdi140-style-4x-ap/61398/
Škoda Superb Combi,Sup.Com.2.0TDI 140 Spo.4x4 AT,9160,https://www.arvalauto.cz/cz/skoda/sup-com-2-0tdi-140-spo-4x4-at/61386/
Volkswagen Arteon,Arteon 2.0BiTDI 176 Eleg.4M AT,10350,https://www.arvalauto.cz/cz/volkswagen/arteon-2-0bitdi-176-eleg-4m-at/61031/
Škoda Fabia Combi,Fabia Com 1.0TSI 81 Ambition,3553,https://www.arvalauto.cz/cz/skoda/fabia-com-1-0tsi-81-ambition/60574/
Škoda Fabia Combi,Fabia Com 1.0TSI 81 Ambition,3718,https://www.arvalauto.cz/cz/skoda/fabia-com-1-0tsi-81-ambition/60573/
Škoda Fabia Combi,Fabia Com 1.0TSI 81 Ambition,3950,https://www.arvalauto.cz/cz/skoda/fabia-com-1-0tsi-81-ambition/60898/
Škoda Fabia Combi,Fabia Com.1.0TSI 70 Ambition,3950,https://www.arvalauto.cz/cz/skoda/fabia-com-1-0tsi-70-ambition/60923/
Škoda Fabia Combi,FabiaCo 1.0TSI81 Style,4049,https://www.arvalauto.cz/cz/skoda/fabiaco-1-0tsi81-style/60578/
Škoda Fabia Combi,Fabia Com.1.0MPI 55 Active,4115,https://www.arvalauto.cz/cz/skoda/fabia-com-1-0mpi-55-active/60558/
Dacia Dokker,Dokker 1.6 75 Arctica 5d,4214,https://www.arvalauto.cz/cz/dacia/dokker-1-6-75-arctica-5d/60817/
Dacia Dokker,Dokker 1.6 75 Arctica 5d,4379,https://www.arvalauto.cz/cz/dacia/dokker-1-6-75-arctica-5d/60656/
Peugeot Partner Tepee,Partn.Vti 98k Tepee Active,4545,https://www.arvalauto.cz/cz/peugeot/partn-vti-98k-tepee-active/61038/
Dacia Dokker,Dokker 1.6 75 Arctica 5d,4611,https://www.arvalauto.cz/cz/dacia/dokker-1-6-75-arctica-5d/60232/
Hyundai i20 Active,i20 1.2i 62 Smart 5d,4875,https://www.arvalauto.cz/cz/hyundai/i20-1-2i-62-smart-5d/60844/
Dacia Dokker,Dokker 1.6 75 Arctica 5d,4875,https://www.arvalauto.cz/cz/dacia/dokker-1-6-75-arctica-5d/60451/
Fiat Doblo Cargo,Doblo 1.4CNG 120 SX L2H1 4d,4941,https://www.arvalauto.cz/cz/fiat/doblo-1-4cng-120-sx-l2h1-4d/61017/
Dacia Dokker,Dokker 1.6 75 Arctica 5d,4941,https://www.arvalauto.cz/cz/dacia/dokker-1-6-75-arctica-5d/60496/
Škoda Octavia Combi,OctaviaCo2.0TDI110 Style DSG,5326,https://www.arvalauto.cz/cz/skoda/octaviaco2-0tdi110-style-dsg/60843/
Škoda Octavia Combi,Octavia Com 1.6TDI 85 Ambit.AT,5454,https://www.arvalauto.cz/cz/skoda/octavia-com-1-6tdi-85-ambit-at/60556/
Škoda Scala,Scala 1.0TSI 85 Style AT,5454,https://www.arvalauto.cz/cz/skoda/scala-1-0tsi-85-style-at/60628/
Škoda Octavia Combi,OctaviaCo2.0TDI110 Style DSG,5530,https://www.arvalauto.cz/cz/skoda/octaviaco2-0tdi110-style-dsg/60950/
Škoda Octavia Combi,Octavia Com 1.6TDI 85 Style,5702,https://www.arvalauto.cz/cz/skoda/octavia-com-1-6tdi-85-style/60816/
Škoda Octavia Combi,OctaviaCo1.5TSI 110 Style,5708,https://www.arvalauto.cz/cz/skoda/octaviaco1-5tsi-110-style/60595/
Volkswagen Caddy,Caddy 1.2TSI 62 TL,5867,https://www.arvalauto.cz/cz/volkswagen/caddy-1-2tsi-62-tl/59498/
Škoda Octavia Combi,Octavia Com 1.6TDI 85 Ambition,5933,https://www.arvalauto.cz/cz/skoda/octavia-com-1-6tdi-85-ambition/60608/
Škoda Octavia Lim.,Octavia 2.0TDI 110 Style AT,6038,https://www.arvalauto.cz/cz/skoda/octavia-2-0tdi-110-style-at/60422/
Škoda Octavia Combi,Octavia Com TDI 110 Style AT,6217,https://www.arvalauto.cz/cz/skoda/octavia-com-tdi-110-style-at/61029/
Škoda Octavia Lim.,Octavia 1.6TDI 85 Ambition,6280,https://www.arvalauto.cz/cz/skoda/octavia-1-6tdi-85-ambition/59933/
Škoda Octavia Combi,Octavia Com TDI 110 Style AT,6293,https://www.arvalauto.cz/cz/skoda/octavia-com-tdi-110-style-at/60733/
Volkswagen Golf 7,Golf 1.6TDI 85 Highline AT,6325,https://www.arvalauto.cz/cz/volkswagen/golf-1-6tdi-85-highline-at/59260/
Volkswagen T-Roc,T-Roc 1.5TSI 110 Sport AT,6344,https://www.arvalauto.cz/cz/volkswagen/t-roc-1-5tsi-110-sport-at/60631/
Škoda Octavia Combi,Octavia Com TDI 110 Style AT,6470,https://www.arvalauto.cz/cz/skoda/octavia-com-tdi-110-style-at/60594/
Škoda Octavia Lim.,Octavia 2.0TDI 110 L&K AT,6470,https://www.arvalauto.cz/cz/skoda/octavia-2-0tdi-110-l-amp-amp-k-at/60597/
Volkswagen Passat 8 SW,Pas.Var.2.0TDI 110 HL,6470,https://www.arvalauto.cz/cz/volkswagen/pas-var-2-0tdi-110-hl/60322/
Mercedes Vito W447,Vito 111CDI L KAWA 4d,6491,https://www.arvalauto.cz/cz/mercedes/vito-111cdi-l-kawa-4d/59254/
Škoda Octavia Lim.,Octavia 2.0TDI 110 Style AT,6547,https://www.arvalauto.cz/cz/skoda/octavia-2-0tdi-110-style-at/60529/
Škoda Octavia Lim.,Octavia 2.0TDI 110 L&K AT,6547,https://www.arvalauto.cz/cz/skoda/octavia-2-0tdi-110-l-amp-amp-k-at/60528/
Škoda Octavia Combi,Octa.Com TDI 135 Style 4x4 AT,6598,https://www.arvalauto.cz/cz/skoda/octa-com-tdi-135-style-4x4-at/60826/
Škoda Octavia Lim.,Octavia 2.0TDI 110 Style AT,6598,https://www.arvalauto.cz/cz/skoda/octavia-2-0tdi-110-style-at/60526/
Škoda Octavia 3 Kombi,Octavia 2.0TSI 140 Styl 4x4 AT,6674,https://www.arvalauto.cz/cz/skoda/octavia-2-0tsi-140-styl-4x4-at/60969/
Volkswagen Passat 8 SW,Pas.Var.2.0TDI 110 HL AT,6852,https://www.arvalauto.cz/cz/volkswagen/pas-var-2-0tdi-110-hl-at/60952/
Peugeot Boxer 2,Box. Fur.bHDI130 3500L2H2 Act.,6852,https://www.arvalauto.cz/cz/peugeot/box-fur-bhdi130-3500l2h2-act/59573/
Škoda Octavia Combi,Octa.Com TDI 135 Style 4x4 AT,6922,https://www.arvalauto.cz/cz/skoda/octa-com-tdi-135-style-4x4-at/59879/
Škoda Octavia Combi,Octavia Com TDI 110 Style AT,7170,https://www.arvalauto.cz/cz/skoda/octavia-com-tdi-110-style-at/59738/
Peugeot 508,508 1.6PT 180 Allure AT,7233,https://www.arvalauto.cz/cz/peugeot/x508-1-6pt-180-allure-at/60539/
Škoda Karoq,Karoq 1.5TSI 110 Style AT,7272,https://www.arvalauto.cz/cz/skoda/karoq-1-5tsi-110-style-at/60906/
Škoda Karoq,Karoq 2.0TDI 110 Style 4x4 AT,7488,https://www.arvalauto.cz/cz/skoda/karoq-2-0tdi-110-style-4x4-at/60423/
Škoda Superb Combi,Superb Com. 1.8TSI132 Style AP,7640,https://www.arvalauto.cz/cz/skoda/superb-com-1-8tsi132-style-ap/59668/
Škoda Karoq,Karoq 1.5TSI 110 ACT Style AT,7818,https://www.arvalauto.cz/cz/skoda/karoq-1-5tsi-110-act-style-at/60647/
Škoda Superb,Supe.FL1.5TSI 110 Sportline AT,8540,https://www.arvalauto.cz/cz/skoda/supe-fl1-5tsi-110-sportline-at/60498/
Audi A4 Allroad Quattro,A4 3.0TDI Allroad qttro STr,8664,https://www.arvalauto.cz/cz/audi/a4-3-0tdi-allroad-qttro-str/61015/
BMW Serie 4 GC F36,420d Gran Coupé M Sport xD AT,8664,https://www.arvalauto.cz/cz/bmw/420d-gran-coupe-m-sport-xd-at/61040/
Škoda Superb Combi,Sup.C.FL2.0TDI 110 L&K,8912,https://www.arvalauto.cz/cz/skoda/sup-c-fl2-0tdi-110-l-amp-amp-k/60914/
Škoda Kodiaq,Kodiaq 2.0TDI 110 L&K 4x4,10028,https://www.arvalauto.cz/cz/skoda/kodiaq-2-0tdi-110-l-amp-amp-k-4x4/60405/
BMW Serie 5 Touring,530d Touring xD AT,10524,https://www.arvalauto.cz/cz/bmw/530d-touring-xd-at/60525/
Volvo XC 60,XC60 D5 DriveE Inscript AWD AT,10771,https://www.arvalauto.cz/cz/volvo/xc60-d5-drivee-inscript-awd-at/60706/
Land Rover Evoque,RR Evoque TD4 180 SE Dyn. AT,10772,https://www.arvalauto.cz/cz/land-rover/rr-evoque-td4-180-se-dyn-at/61021/
BMW Serie 5 Touring,530d Touring xD AT,10896,https://www.arvalauto.cz/cz/bmw/530d-touring-xd-at/60547/
Volvo XC 40,XC40 T5 Momentum AWD AT,11144,https://www.arvalauto.cz/cz/volvo/xc40-t5-momentum-awd-at/60505/
Volkswagen Arteon,Arteon 2.0BiTDI 176 R-li.4M AT,11247,https://www.arvalauto.cz/cz/volkswagen/arteon-2-0bitdi-176-r-li-4m-at/59379/
Volvo XC 60,XC60 2.0 T5 Inscription AWD AT,11504,https://www.arvalauto.cz/cz/volvo/xc60-2-0-t5-inscription-awd-at/60715/
Volkswagen Multivan,2.0 TDI,12037,https://www.arvalauto.cz/cz/volkswagen/x2-0-tdi/61025/
Škoda Kodiaq,Kodiaq 2.0TDI 176 RS 4x4 AT,12383,https://www.arvalauto.cz/cz/skoda/kodiaq-2-0tdi-176-rs-4x4-at/60908/
Volvo XC 60,XC60 B4 D-E MomentumPro AWD AT,12383,https://www.arvalauto.cz/cz/volvo/xc60-b4-d-e-momentumpro-awd-at/60639/
Volvo XC 90,XC90 B5 2.0 DE Mom.Pro AWD AT,15443,https://www.arvalauto.cz/cz/volvo/xc90-b5-2-0-de-mom-pro-awd-at/59929/
